{"cameraMode":{"drawMode":0,"name":"Shaded","section":"Shading Mode"},"sceneLighting":true,"audioPlay":false,"sceneViewState":{"showFog":true,"showMaterialUpdate":true,"showSkybox":true,"showFlares":true,"showImageEffects":true,"showParticleSystems":true},"in2DMode":false,"pivot":{"x":821.0165405273438,"y":-439.2520751953125,"z":7570.01953125},"rotation":{"x":-0.05186421424150467,"y":-0.029359636828303338,"z":0.0015254452591761947,"w":-0.9982307553291321},"size":8325.970703125,"orthographic":false}